Start month,Start day,Critical Low,Critical High,Dry,Normal Dry,Normal Wet,Wet
1,1,100,110,350,350,350,350
2,1,100,110,350,350,350,350
3,1,130,1000,1000,1000,1000,1000
4,1,150,200,350,1425,3250,3250
5,1,190,215,350,350,350,2000
6,1,190,215,350,350,350,2000
7,1,230,255,350,350,350,350
8,1,230,255,350,350,350,350
9,1,210,260,350,350,350,350
10,1,160,160,350,350,350,350
11,1,122,176,466.6666667,446.6666667,466.6666667,466.6666667
12,1,120,120,350,350,350,350
