Month,Day,Critically Dry,Dry,Normal-Dry,Normal-Wet,Wet
10,1,20,20,30,30,40
11,1,20,20,30,30,40
12,1,20,20,30,30,40
1,1,20,20,30,30,40
2,1,20,20,30,30,40
3,1,23.55,23.55,30,30,40
4,1,39,39,51,51,61
5,1,69.83870968,69.83870968,88.38709677,88.38709677,126.7741935
6,1,100,100,150,150,250
7,1,40,40,90,90,200
8,1,20,20,40,40,100
9,1,20,20,30,30,60
